title,name,sellingPrice,listingPrice,typeOfBook,printLength,publicationDate,rating,reviews,availability
The Art of Statistics: Learning from Data (Pelican Books),"David Spiegelhalter 
(Author)",£10.11,RRP: £10.99,Paperback – 13 Feb. 2020,Print length      448 pages,Publication date      13 Feb. 2020,4.5 out of 5 stars,"3,615 ratings",In stock
"Data Scientist Coloring Book. A Funny, Unique, Snarky Adult Coloring Book For Stress Relief And Relaxation. Pop Art Cartoon: Novelty Gift Idea For ... Analyst For Graduation & Appreciation","Witty Jobs Junior 
(Author)",£6.85,,"Paperback – Large Print, 30 July 2022",Print length      72 pages,Publication date      30 July 2022,4.5 out of 5 stars,2 ratings,In stock
Storytelling with Data: A Data Visualization Guide for Business Professionals,"Cole Nussbaumer Knaflic 
(Author)",£23.49,RRP: £32.95,Paperback – 20 Nov. 2015,Print length      288 pages,Publication date      20 Nov. 2015,4.6 out of 5 stars,"4,651 ratings",In stock
"Data Analytics for Absolute Beginners: A Deconstructed Guide to Data Literacy: (Introduction to Data, Data Visualization, Business Intelligence & ... Science, Python & Statistics for Beginners)","Oliver Theobald 
(Author)",£11.79,,Paperback – 21 July 2019,Print length      159 pages,Publication date      21 July 2019,4.3 out of 5 stars,464 ratings,In stock
"Becoming a Data Head: How to Think, Speak, and Understand Data Science, Statistics, and Machine Learning","Alex J. Gutman 
(Author),",£23.09,RRP: £33.00,Paperback – 24 Jun. 2021,Print length      272 pages,Publication date      24 Jun. 2021,4.6 out of 5 stars,310 ratings,In stock
How to Win the Premier League: The Inside Story of Football’s Data Revolution,"Ian Graham 
(Author)",£16.99,RRP: £22.00,Hardcover – 15 Aug. 2024,Print length      320 pages,Publication date      15 Aug. 2024,Previous slide of product details,,"This title will be released on August 15, 2024.  Pre-order now."
Microsoft Power BI Data Analyst Certification Guide: A comprehensive guide to becoming a confident and certified Power BI professional,"Orrin Edenfield 
(Author),",£33.99,,Paperback – 24 Jun. 2022,Print length      398 pages,Publication date      24 Jun. 2022,4.0 out of 5 stars,44 ratings,In stock
AI & Data Literacy: Empowering Citizens of Data Science,"Bill Schmarzo 
(Author)",£22.99,,Paperback – 9 Aug. 2023,Print length      202 pages,Publication date      9 Aug. 2023,4.6 out of 5 stars,33 ratings,In stock
Data Grab: The new Colonialism of Big Tech and how to fight back,"Ulises A. Mejias 
(Author),",£15.16,RRP: £22.00,Hardcover – 8 Feb. 2024,Print length      320 pages,Publication date      8 Feb. 2024,4.7 out of 5 stars,8 ratings,In stock
Engineers′ Data Book,"Clifford Matthews 
(Author)",£16.25,,Paperback – 27 Jan. 2012,Print length      344 pages,Publication date      27 Jan. 2012,4.6 out of 5 stars,176 ratings,In stock
The Boat Data Book 8th Edition: The Owners' and Professionals' Bible,"Ian Nicolson 
(Author),",£28.92,RRP: £32.99,Paperback – 4 July 2024,Print length      240 pages,Publication date      4 July 2024,Previous slide of product details,,In stock
"Data Analytics, Data Visualization & Communicating Data: 3 books in 1: Learn the Processes of Data Analytics and Data Science, Create Engaging Data ... Present Data Effectively (All Things Data)","Elizabeth Clarke 
(Author)",£27.99,,Paperback – 10 Nov. 2022,Print length      528 pages,Publication date      10 Nov. 2022,4.3 out of 5 stars,47 ratings,In stock
Data Visualisation: A Handbook for Data Driven Design,"Andy Kirk 
(Author)",£44.25,RRP: £47.99,Paperback – 20 Aug. 2019,Print length      328 pages,Publication date      20 Aug. 2019,4.4 out of 5 stars,192 ratings,In stock
Fundamentals of Data Engineering: Plan and Build Robust Data Systems,"Joe Reis 
(Author),",£41.44,RRP: £63.99,Paperback – 5 July 2022,Print length      446 pages,Publication date      5 July 2022,4.7 out of 5 stars,449 ratings,In stock
Daphne Draws Data: A Storytelling with Data Adventure,"Cole Nussbaumer Knaflic 
(Author),",£15.63,RRP: £16.99,Hardcover – 29 Oct. 2024,Print length      32 pages,Publication date      29 Oct. 2024,Previous slide of product details,,"This title will be released on October 29, 2024.  Pre-order now."
"Deciphering Data Architectures: Choosing Between a Modern Data Warehouse, Data Fabric, Data Lakehouse, and Data Mesh","James Serra 
(Author)",£42.99,RRP: £63.99,Paperback – 12 Mar. 2024,Print length      275 pages,Publication date      12 Mar. 2024,4.2 out of 5 stars,40 ratings,In stock
"Laplink PCmover Professional 11 - Moves your Applications, Files, and Settings from an Old PC to a New PC - Includes optional Super-Speed USB 3.0 Cable - 1 Use",,£59.95,,,,,4.1 out of 5 stars,339 ratings,In stock
Daphne Draws Data: A Storytelling with Data Adventure,"Cole Nussbaumer Knaflic 
(Author),",£15.63,RRP: £16.99,Hardcover – 29 Oct. 2024,Print length      32 pages,Publication date      29 Oct. 2024,Previous slide of product details,,"This title will be released on October 29, 2024.  Pre-order now."
"Deciphering Data Architectures: Choosing Between a Modern Data Warehouse, Data Fabric, Data Lakehouse, and Data Mesh","James Serra 
(Author)",£42.99,RRP: £63.99,Paperback – 12 Mar. 2024,Print length      275 pages,Publication date      12 Mar. 2024,4.2 out of 5 stars,40 ratings,In stock
"Python for Data Analysis 3e: Data Wrangling with pandas, NumPy, and Jupyter","Wes McKinney 
(Author)",£45.13,RRP: £63.99,Paperback – 26 Aug. 2022,Print length      550 pages,Publication date      26 Aug. 2022,4.5 out of 5 stars,284 ratings,In stock
"Designing Data-Intensive Applications: The Big Ideas Behind Reliable, Scalable, and Maintainable Systems","Martin Kleppmann 
(Author)",,,Kindle Edition,,Publication date      16 Mar. 2017,4.7 out of 5 stars,"4,660 ratings",Out of stock
Azure Data Factory Cookbook: A data engineer's guide to building and managing ETL and ELT pipelines with data integration,"Dmitry Foshin 
(Author),",£41.99,,Paperback – 28 Feb. 2024,Print length      532 pages,Publication date      28 Feb. 2024,4.0 out of 5 stars,8 ratings,In stock
"Ace the Data Science Interview: 201 Real Interview Questions Asked By FAANG, Tech Startups, & Wall Street","Nick Singh 
(Author),",£30.13,RRP: £34.50,Paperback – 16 Aug. 2021,Print length      301 pages,Publication date      16 Aug. 2021,4.5 out of 5 stars,986 ratings,In stock
Data Governance Handbook: A practical approach to building trust in data,"Wendy S. Batchelder 
(Author)",£37.99,,Paperback – 31 May 2024,Print length      394 pages,Publication date      31 May 2024,5.0 out of 5 stars,2 ratings,In stock
Data and Analytics Strategy for Business: Unlock Data Assets and Increase Innovation with a Results-Driven Data Strategy,"Simon Asplen-Taylor 
(Author)",£25.62,RRP: £29.99,Paperback – 3 Jun. 2022,Print length      328 pages,Publication date      3 Jun. 2022,4.7 out of 5 stars,41 ratings,In stock
The little book of data: First steps to your data transformation,"Lisa Allen 
(Author),",£7.99,,Paperback – 29 Mar. 2021,Print length      45 pages,Publication date      29 Mar. 2021,4.4 out of 5 stars,23 ratings,In stock
R for Data Analysis in easy steps,"Mike McGrath 
(Author)",£11.45,RRP: £12.99,Paperback – 31 May 2023,Print length      192 pages,Publication date      31 May 2023,4.5 out of 5 stars,12 ratings,In stock
"Fundamentals of Data Analytics: Learn Essential Skills, Embrace the Future, and Catapult Your Career in the Data-Driven World—A Comprehensive Guide to Data Literacy for Beginners","Russell Dawson 
(Author)",£11.53,,Paperback – 25 Nov. 2023,Print length      166 pages,Publication date      25 Nov. 2023,4.6 out of 5 stars,43 ratings,In stock
"Data Analysis in Microsoft Excel: Deliver Awesome Analytics in 3 Easy Steps Using VLOOKUPS, Pivot Tables, Charts And More","Alex Holloway 
(Author)",£14.49,,Paperback – 21 July 2023,Print length      224 pages,Publication date      21 July 2023,4.2 out of 5 stars,59 ratings,In stock
Data Management at Scale: Modern Data Architecture with Data Mesh and Data Fabric,"Piethein Strengholt 
(Author)",£42.54,RRP: £59.99,Paperback – 30 April 2023,Print length      300 pages,Publication date      30 April 2023,4.4 out of 5 stars,29 ratings,In stock
"Visualize This: The FlowingData Guide to Design, Visualization, and Statistics","Nathan Yau 
(Author)",£26.50,RRP: £34.99,Paperback – 23 May 2024,Print length      384 pages,Publication date      23 May 2024,4.6 out of 5 stars,3 ratings,Only 3 left in stock.
Data Analytics & Visualization All-in-One For Dummies,"Jack A. Hyman 
(Author),",£26.05,RRP: £37.99,Paperback – 1 April 2024,Print length      832 pages,Publication date      1 April 2024,4.0 out of 5 stars,1 rating,In stock
Metalworker's Data Book: No. 42 (Workshop Practice),"Harold Hall 
(Author)",,,Paperback – 19 Mar. 2009,Print length      128 pages,Publication date      19 Mar. 2009,4.6 out of 5 stars,289 ratings,Out of stock
"Fish Mouth Sewing Machine Needle Threader, 2024 Upgraded Automatic Needle Threader for Sewing Machine, Quick Sewing Machine Loop Sewing Machine Needle Threader Tool (10PCS)",,£8.99,,,,,Previous page of related Sponsored Products,,Usually dispatched within 2 to 3 days
The Kaggle Book: Data analysis and machine learning for competitive data science,"Konrad Banachewicz 
(Author),",,,Kindle Edition,,Publication date      22 April 2022,4.4 out of 5 stars,133 ratings,Out of stock
The Data Model Resource Book: A Library of Universal Data Models for All Enterprises,"Len Silverston 
(Author)",,,"1st Edition, Kindle Edition",,Publication date      5 May 2008,4.3 out of 5 stars,60 ratings,Out of stock
Data Mesh,"Zhamak Dehghani 
(Author)",,,Kindle Edition,,Publication date      8 Mar. 2022,4.5 out of 5 stars,284 ratings,Out of stock
Data Governance For Dummies (For Dummies (Computer/tech)),"Jonathan Reichental 
(Author)",£9.99,RRP: £24.99,Paperback – 5 Dec. 2022,Print length      288 pages,Publication date      5 Dec. 2022,4.3 out of 5 stars,32 ratings,In stock
"Essential Math for Data Science: Take Control of Your Data with Fundamental Linear Algebra, Probability, and Statistics","Thomas Nield 
(Author)",£38.06,RRP: £52.99,Paperback – 10 Jun. 2022,Print length      350 pages,Publication date      10 Jun. 2022,4.6 out of 5 stars,252 ratings,Only 14 left in stock.
"DAMA-DMBOK: Data Management Body of Knowledge: 2nd Edition: Data Management Body of Knowledge: 2nd Edition, Revised","DAMA International 
(Author)",£70.67,RRP: £74.99,"Paperback – Illustrated, 1 July 2017",Print length      588 pages,Publication date      1 July 2017,4.7 out of 5 stars,678 ratings,In stock
Azure Data Engineer Associate Certification Guide: Ace the DP-203 exam with advanced data engineering skills,"Giacinto Palmieri 
(Author),",£37.99,,Paperback – 23 May 2024,Print length      548 pages,Publication date      23 May 2024,4.6 out of 5 stars,9 ratings,In stock
"Cribsheet: A Data-Driven Guide to Better, More Relaxed Parenting, from Birth to Preschool","Emily Oster 
(Author)",£9.99,RRP: £10.99,Paperback – 9 April 2020,Print length      352 pages,Publication date      9 April 2020,4.4 out of 5 stars,"5,828 ratings",In stock
"Agile Data Warehouse Design: Collaborative Dimensional Modeling, from Whiteboard to Star Schema","Lawrence Corr 
(Author),",£19.98,,Paperback – 24 Nov. 2011,Print length      328 pages,Publication date      24 Nov. 2011,4.6 out of 5 stars,213 ratings,Only 1 left in stock.
"Data: Principles To Practice - Volume 1 'Foundations': Essential Foundations: Key Concepts behind Data Architecture, Engineering and Analysis for Professionals","Alex Holloway 
(Author)",,,Kindle Edition,,Publication date      3 July 2024,4.7 out of 5 stars,10 ratings,Out of stock
Data Engineering with Python cookbook: Learn to build efficient data pipelines using the Modern Cloud Data Stack,"Adithyan Ramanujakootam 
(Author)",£24.99,,Paperback – 3 Oct. 2023,Print length      266 pages,Publication date      3 Oct. 2023,5.0 out of 5 stars,4 ratings,In stock
Data Ethics: Practical Strategies for Implementing Ethical Information Management and Governance,"Katherine O'Keefe 
(Author),",£39.99,RRP: £44.99,Paperback – 3 Jun. 2023,Print length      392 pages,Publication date      3 Jun. 2023,5.0 out of 5 stars,4 ratings,In stock
Driving Data Projects: A comprehensive guide,"Dr. Christine Haskell 
(Author)",£33.44,RRP: £34.99,Paperback – 26 Feb. 2024,Print length      364 pages,Publication date      26 Feb. 2024,5.0 out of 5 stars,8 ratings,Only 7 left in stock.
Python Programming Bible: [3 in 1] The Complete Crash Course to Learn and Explore Python beyond the Basics. Including Examples and Practical Exercises to Master Python from Beginners to Pro,"James P. Meyers 
(Author)",£18.97,,Paperback – 13 Oct. 2023,Print length      340 pages,Publication date      13 Oct. 2023,4.3 out of 5 stars,104 ratings,In stock
"SQL Data Analytics Made Easy: Your Step-by-Step Guide to Unlocking Data’s Hidden Secrets: Demystify complex concepts, and harness the power of data to drive intelligent decision-making effortlessly.","L.D. Knowings 
(Author)",£11.71,,Paperback – 3 Nov. 2023,Print length      210 pages,Publication date      3 Nov. 2023,4.4 out of 5 stars,24 ratings,In stock
Cracking the Data: From the Sidelines to the Screens,"Dr Erkut Sogut 
(Author),",£15.99,,Paperback – 23 May 2024,Print length      112 pages,Publication date      23 May 2024,3.9 out of 5 stars,3 ratings,In stock
Covid By Numbers: Making Sense of the Pandemic with Data (Pelican Books),"David Spiegelhalter 
(Author),",£4.00,RRP: £10.99,Hardcover – 7 Oct. 2021,Print length      320 pages,Publication date      7 Oct. 2021,4.5 out of 5 stars,175 ratings,In stock
Building a Data Driven Culture: A Step by Step Guide,"Gethyn Ellis 
(Author),",£11.99,,Paperback – 6 Oct. 2023,Print length      251 pages,Publication date      6 Oct. 2023,4.9 out of 5 stars,23 ratings,In stock
Statistical Issues (v. 2) (A Handbook for Data Analysis in the Behavioral Sciences),"G. Keren 
(Editor),",£73.40,,Hardcover – 1 Jan. 1993,Print length      552 pages,Publication date      1 Jan. 1993,Previous slide of product details,,Out of stock
"Bad Data: How Governments, Politicians and the Rest of Us Get Misled by Numbers","Georgina Sturge 
(Author)",,,Kindle Edition,,Publication date      3 Nov. 2022,4.4 out of 5 stars,63 ratings,Out of stock
Data Science (The MIT Press Essential Knowledge series),"John D. Kelleher 
(Author),",,,Kindle Edition,,Publication date      13 April 2018,4.5 out of 5 stars,537 ratings,Out of stock
Cracking the Data: From the Sidelines to the Screens,"Dr Erkut Sogut 
(Author),",£15.99,,Paperback – 23 May 2024,Print length      112 pages,Publication date      23 May 2024,3.9 out of 5 stars,3 ratings,In stock
"SQL Data Analytics Made Easy: Your Step-by-Step Guide to Unlocking Data’s Hidden Secrets: Demystify complex concepts, and harness the power of data to drive intelligent decision-making effortlessly.","L.D. Knowings 
(Author)",£11.71,,Paperback – 3 Nov. 2023,Print length      210 pages,Publication date      3 Nov. 2023,4.4 out of 5 stars,24 ratings,In stock
Data Modeling with Snowflake: A practical guide to accelerating Snowflake development using universal data modeling techniques,"Serge Gershkovich 
(Author)",£37.99,,Paperback – 31 May 2023,Print length      324 pages,Publication date      31 May 2023,4.8 out of 5 stars,34 ratings,In stock
Good Data: An Optimist's Guide to Our Digital Future,"Sam Gilbert 
(Author)",,,Kindle Edition,,Publication date      1 April 2021,4.2 out of 5 stars,60 ratings,Out of stock
Prompt Engineering for Generative AI: Future-Proof Inputs for Reliable AI Outputs,"James Phoenix 
(Author),",£57.61,RRP: £63.99,Paperback – 25 Jun. 2024,Print length      422 pages,Publication date      25 Jun. 2024,4.4 out of 5 stars,11 ratings,In stock
Predicting Solubility of New Drugs: Handbook of Critically Curated Data for Pharmaceutical Research,"Alex Avdeef 
(Author)",,,[Print Replica] Kindle Edition,,Publication date      27 May 2024,Previous slide of product details,,Out of stock
Data Visualization with Excel Dashboards and Reports,"Dick Kusleika 
(Author)",£23.55,RRP: £33.00,Paperback – 29 Jan. 2021,Print length      352 pages,Publication date      29 Jan. 2021,4.4 out of 5 stars,122 ratings,Only 6 left in stock (more on the way).
Data-driven Retailing: A Non-technical Practitioners' Guide (Management for Professionals),"Louis-Philippe Kerkhove 
(Author)",£36.85,RRP: £44.99,Paperback – 7 Oct. 2023,Print length      272 pages,Publication date      7 Oct. 2023,Previous slide of product details,,In stock
ZEUS PRECISION DATA CHARTS AND REFERENCE,,£9.69,,Unknown Binding,,,4.7 out of 5 stars,3 ratings,In stock
Data Storytelling in Marketing: How to Tell Persuasive Stories Through Data,"Caroline Florence 
(Author)",£30.15,RRP: £31.99,Paperback – 3 Jun. 2024,Print length      296 pages,Publication date      3 Jun. 2024,Previous slide of product details,,In stock
Taxi Driver Client Data Log Book: A Logbook for Taxicab Drivers to Keep Track of Customer Information | Taxi Service Customer Record | 100 Pages,"Hpso.Bv Publishing 
(Author)",£6.42,,Paperback – 24 April 2024,Print length      100 pages,Publication date      24 April 2024,Previous slide of product details,,In stock
"2024 New 2-in-1 Nasal Hair Cutter, Nostril Hair Remover Tool, Double Sided Nose Hair Knife, Portable Manual 360° Rotating Nose Hair Trimmer with Ear Picker for Women Men (5 Colors, 5PCS)",,£16.99,,,,,Previous page of related Sponsored Products,,In stock
Is it pronounced data or data?: 11 ways to improve data strategy in your organisation.,"Mr Daniele Forni 
(Author)",£8.99,,Paperback – 29 May 2023,Print length      103 pages,Publication date      29 May 2023,5.0 out of 5 stars,4 ratings,In stock
Data Feminism (Strong Ideas),"Catherine D'Ignazio 
(Author),",£18.65,RRP: £26.00,Paperback – 3 Oct. 2023,Print length      328 pages,Publication date      3 Oct. 2023,4.8 out of 5 stars,228 ratings,Only 10 left in stock (more on the way).
How Data Happened: A History from the Age of Reason to the Age of Algorithms,"Chris Wiggins 
(Author),",£14.99,,Paperback – 30 April 2024,Print length      384 pages,Publication date      30 April 2024,4.1 out of 5 stars,52 ratings,In stock
"The Enterprise Data Catalog: Improve Data Discovery, Ensure Data Governance, and Enable Innovation","Ole Olesen-Bagneux 
(Author)",£38.06,RRP: £52.99,Paperback – 21 Mar. 2023,Print length      216 pages,Publication date      21 Mar. 2023,4.4 out of 5 stars,34 ratings,Only 3 left in stock.
Sniper Data Book: Rifle Shooting Log for the Tactical Marksman | Track & Improve Your Precision!,"Planda Press 
(Author)",£5.99,,Paperback – 7 Oct. 2021,Print length      109 pages,Publication date      7 Oct. 2021,4.5 out of 5 stars,42 ratings,In stock
"50 Days of Data Analysis with Python: The Ultimate Challenges Book for Beginners: Hands-on Challenges with pandas, NumPy, Matplotlib, Sklearn and Seaborn","Benjamin Alexander 
(Author)",,,Kindle Edition,,Publication date      3 Dec. 2023,4.2 out of 5 stars,4 ratings,Out of stock
Effective Pandas 2: Opinionated Patterns for Data Manipulation (Treading on Python Book 4),"Matt Harrison 
(Author)",,,Kindle Edition,,Publication date      14 Mar. 2024,4.4 out of 5 stars,21 ratings,Out of stock
Data Science For Dummies (For Dummies (Computer/Tech)),"Lillian Pierson 
(Author)",£20.25,RRP: £28.99,Paperback – 1 Sept. 2021,Print length      432 pages,Publication date      1 Sept. 2021,4.5 out of 5 stars,75 ratings,In stock
A Little Guide for Teachers: Using Student Data,"Richard Selfridge 
(Author)",£10.99,,Paperback – 26 Jun. 2024,Print length      88 pages,Publication date      26 Jun. 2024,Previous slide of product details,,In stock
Data Protection Act 2018: Full Printed Statute,"Westminster Legal Publishing 
(Author)",£9.99,,Paperback – 23 May 2018,Print length      352 pages,Publication date      23 May 2018,4.8 out of 5 stars,8 ratings,In stock
Data Engineering with AWS: Acquire the skills to design and build AWS-based data transformation pipelines like a pro,"Gareth Eagar 
(Author)",£38.99,,Paperback – 31 Oct. 2023,Print length      636 pages,Publication date      31 Oct. 2023,4.4 out of 5 stars,14 ratings,In stock
Data Center for Beginners: A beginner's guide towards understanding Data Center Design: 1 (Data Center Design Guide),"B.A. Ayomaya 
(Author)",£8.89,,Paperback – 31 Mar. 2020,Print length      60 pages,Publication date      31 Mar. 2020,4.0 out of 5 stars,141 ratings,In stock
"Data Analytics for Process Engineers: Prediction, Control and Optimization (Synthesis Lectures on Mechanical Engineering)","Daniela Galatro 
(Author),",£34.29,,Hardcover – 3 Dec. 2023,Print length      154 pages,Publication date      3 Dec. 2023,Previous slide of product details,,Only 2 left in stock (more on the way).
DATA SCIENCE AND PYTHON SCIKIT FOR BEGINNERS: UNLOCKING THE SECRETS OF DATA SCIENCE: STEP-BY-STEP INSTRUCTIONS FOR ASPIRING DATA SCIENTISTS - 2 BOOKS IN 1,"JP PARKER 
(Author)",,,Kindle Edition,,Publication date      9 July 2024,Previous slide of product details,,Out of stock
"Data Analytics for Process Engineers: Prediction, Control and Optimization (Synthesis Lectures on Mechanical Engineering)","Daniela Galatro 
(Author),",£34.29,,Hardcover – 3 Dec. 2023,Print length      154 pages,Publication date      3 Dec. 2023,Previous slide of product details,,Only 2 left in stock (more on the way).
DATA SCIENCE AND PYTHON SCIKIT FOR BEGINNERS: UNLOCKING THE SECRETS OF DATA SCIENCE: STEP-BY-STEP INSTRUCTIONS FOR ASPIRING DATA SCIENTISTS - 2 BOOKS IN 1,"JP PARKER 
(Author)",,,Kindle Edition,,Publication date      9 July 2024,Previous slide of product details,,Out of stock
People and Data: Uniting to Transform Your Business,"Thomas C. Redman 
(Author)",£24.99,RRP: £29.99,Paperback – 3 July 2023,Print length      264 pages,Publication date      3 July 2023,4.7 out of 5 stars,15 ratings,In stock
Data Governance Success: Growing and Sustaining Data Governance,"Rupa Mahanti 
(Author)",£44.99,,Paperback – 15 Dec. 2022,Print length      247 pages,Publication date      15 Dec. 2022,Previous slide of product details,,In stock
"Trust.: Responsible AI, Innovation, Privacy and Data Leadership","Dominique Shelton  Leipzig 
(Author)",,,Kindle Edition,,Publication date      26 Dec. 2023,4.6 out of 5 stars,52 ratings,Out of stock
Python for Data Science For Dummies (For Dummies (Computer/tech)),"John Paul Mueller 
(Author),",£19.15,RRP: £26.99,Paperback – 6 Nov. 2023,Print length      464 pages,Publication date      6 Nov. 2023,4.7 out of 5 stars,4 ratings,In stock
King Charles III England Coast Path Planner and Data Book: The South West Coast (Includes the entire South West Coast Path),"Christine Saul 
(Author)",,,[Print Replica] Kindle Edition,,Publication date      6 Jun. 2024,Previous slide of product details,,Out of stock
"Data Engineering with dbt: A practical guide to building a cloud-based, pragmatic, and dependable data platform with SQL","Roberto Zagni 
(Author)",£37.99,,Paperback – 30 Jun. 2023,Print length      578 pages,Publication date      30 Jun. 2023,4.6 out of 5 stars,7 ratings,In stock
AI & The Data Revolution: How Teams can Harness Disruption to Conquer Turmoil,"Laura Madsen 
(Author)",£34.99,RRP: £39.99,Paperback – 1 July 2024,Print length      209 pages,Publication date      1 July 2024,5.0 out of 5 stars,3 ratings,In stock
The Unified Star Schema: An Agile and Resilient Approach to Data Warehouse and Analytics Design,"Bill Inmon 
(Author),",£44.05,RRP: £44.99,Paperback – 12 Oct. 2020,Print length      294 pages,Publication date      12 Oct. 2020,4.3 out of 5 stars,60 ratings,In stock
"Excel: Comprehensive Resource with Formulas, Functions, Examples, Secrets, Illustrations, Practical Tips, and Versatile Templates for All Users","Taylor Grant 
(Author)",£4.87,,Paperback – 7 July 2024,Print length      207 pages,Publication date      7 July 2024,5.0 out of 5 stars,17 ratings,In stock
Fundamentals of Data Observability: Implement Trustworthy End-To-End Data Solutions,"Andy Petrella 
(Author)",£38.06,RRP: £52.99,Paperback – 19 Sept. 2023,Print length      264 pages,Publication date      19 Sept. 2023,4.0 out of 5 stars,3 ratings,Only 3 left in stock.
Text as Data: A New Framework for Machine Learning and the Social Sciences,"Justin Grimmer 
(Author),",£29.63,RRP: £38.00,Paperback – 29 Mar. 2022,Print length      360 pages,Publication date      29 Mar. 2022,4.4 out of 5 stars,38 ratings,Only 2 left in stock (more on the way).
"Data-Driven Sales: Learn how B2B sales leaders at HubSpot, Salesloft, and other top companies use data to grow faster","Clearbit 
(Author),",£14.38,,Paperback – 25 April 2018,Print length      148 pages,Publication date      25 April 2018,3.9 out of 5 stars,14 ratings,In stock
Analysing Data For Your PhD: An Introduction (PhD Guides Book 3),"Helen Kara 
(Author)",,,Kindle Edition,,Publication date      21 Feb. 2023,Previous slide of product details,,Out of stock
Creating a Data–Driven Organization: Practical Advice from the Trenches,"Carl Anderson 
(Author)",£24.69,RRP: £31.99,Paperback – 4 Aug. 2015,Print length      302 pages,Publication date      4 Aug. 2015,4.3 out of 5 stars,127 ratings,In stock
Python for Data Science For Dummies (For Dummies (Computer/tech)),"John Paul Mueller 
(Author),",£19.15,RRP: £26.99,Paperback – 6 Nov. 2023,Print length      464 pages,Publication date      6 Nov. 2023,4.7 out of 5 stars,4 ratings,In stock
A Little Guide for Teachers: Using Student Data,"Richard Selfridge 
(Author)",£10.99,,Paperback – 26 Jun. 2024,Print length      88 pages,Publication date      26 Jun. 2024,Previous slide of product details,,In stock
50 Page Accident/Injury Report Book A4 Complies with Data Protection Act 1998,,£7.85,Was: £8.34,,,,5.0 out of 5 stars,2 ratings,Only 14 left in stock.
Data Protection Act 2018: Full Printed Statute,"Westminster Legal Publishing 
(Author)",£9.99,,Paperback – 23 May 2018,Print length      352 pages,Publication date      23 May 2018,4.8 out of 5 stars,8 ratings,In stock
People and Data: Uniting to Transform Your Business,"Thomas C. Redman 
(Author)",£24.99,RRP: £29.99,Paperback – 3 July 2023,Print length      264 pages,Publication date      3 July 2023,4.7 out of 5 stars,15 ratings,In stock
DATA SCIENCE AND PYTHON SCIKIT FOR BEGINNERS: UNLOCKING THE SECRETS OF DATA SCIENCE: STEP-BY-STEP INSTRUCTIONS FOR ASPIRING DATA SCIENTISTS - 2 BOOKS IN 1,"JP PARKER 
(Author)",,,Kindle Edition,,Publication date      9 July 2024,Previous slide of product details,,Out of stock
Pat Testing Log Book: Record More than 2000 Entries| Large Print UK Edition| Electrical Appliances Safety Certificate | Portable Appliance Testing ... | Equipment for PAT Tester | 100 Pages,"Data Pro Publishing 
(Author)",£5.99,,Paperback – 19 May 2021,Print length      106 pages,Publication date      19 May 2021,4.6 out of 5 stars,68 ratings,In stock
Data Center for Beginners: A beginner's guide towards understanding Data Center Design: 1 (Data Center Design Guide),"B.A. Ayomaya 
(Author)",£8.89,,Paperback – 31 Mar. 2020,Print length      60 pages,Publication date      31 Mar. 2020,4.0 out of 5 stars,141 ratings,In stock
Is it pronounced data or data?: 11 ways to improve data strategy in your organisation.,"Mr Daniele Forni 
(Author)",£8.99,,Paperback – 29 May 2023,Print length      103 pages,Publication date      29 May 2023,5.0 out of 5 stars,4 ratings,In stock
Excel Data Analysis For Dummies (For Dummies (Computer/Tech)),"Paul McFedries 
(Author)",£23.35,RRP: £32.99,Paperback – 3 Feb. 2022,Print length      368 pages,Publication date      3 Feb. 2022,4.1 out of 5 stars,38 ratings,Only 14 left in stock (more on the way).
"Data Engineering with dbt: A practical guide to building a cloud-based, pragmatic, and dependable data platform with SQL","Roberto Zagni 
(Author)",£37.99,,Paperback – 30 Jun. 2023,Print length      578 pages,Publication date      30 Jun. 2023,4.6 out of 5 stars,7 ratings,In stock
Fundamentals of Data Observability: Implement Trustworthy End-To-End Data Solutions,"Andy Petrella 
(Author)",£38.06,RRP: £52.99,Paperback – 19 Sept. 2023,Print length      264 pages,Publication date      19 Sept. 2023,4.0 out of 5 stars,3 ratings,Only 3 left in stock.
"How to Use Customer Data: Navigating GDPR, DPDI and a Future with Marketing AI","Sachiko Scheuing 
(Author)",£34.97,,Paperback – 3 Jun. 2024,Print length      296 pages,Publication date      3 Jun. 2024,5.0 out of 5 stars,1 rating,In stock
King Charles III England Coast Path Planner and Data Book: The South West Coast (Includes the entire South West Coast Path),"Christine Saul 
(Author)",,,[Print Replica] Kindle Edition,,Publication date      6 Jun. 2024,Previous slide of product details,,Out of stock
Drawing Data with Kids: Cultivating Data-Literacy: A Screen-Free Journey through the Art of Visualization for Kids,"Gulrez Khan 
(Author)",£13.99,RRP: £15.67,Paperback – 7 July 2023,Print length      126 pages,Publication date      7 July 2023,4.5 out of 5 stars,30 ratings,Only 4 left in stock (more on the way).
"SQL Made Easy: The Ultimate Guide For Beginners on Data Querying, Manipulation and Analysis using Real-World Context to Advance Your Career in Data Analytics","Alex Wade 
(Author)",£14.99,,Paperback – 13 Mar. 2024,Print length      180 pages,Publication date      13 Mar. 2024,4.9 out of 5 stars,18 ratings,In stock
Data Pipelines Pocket Reference: Moving and Processing Data for Analytics,"James Densmore 
(Author)",£12.76,RRP: £23.99,Paperback – 31 Mar. 2021,Print length      200 pages,Publication date      31 Mar. 2021,4.5 out of 5 stars,346 ratings,In stock
People and Data: Uniting to Transform Your Business,"Thomas C. Redman 
(Author)",£24.99,RRP: £29.99,Paperback – 3 July 2023,Print length      264 pages,Publication date      3 July 2023,4.7 out of 5 stars,15 ratings,In stock
Data Cartels: The Companies That Control and Monopolize Our Information,"Sarah Lamdan 
(Author)",£18.85,RRP: £21.99,Paperback – 8 Nov. 2022,Print length      224 pages,Publication date      8 Nov. 2022,4.0 out of 5 stars,16 ratings,Only 1 left in stock (more on the way).
Analysing data,"Helen Kara 
(Author)",,,Kindle Edition,,Publication date      20 Nov. 2013,4.8 out of 5 stars,5 ratings,Out of stock
Data Literacy for Kids,"Kathleen Yu 
(Author, Illustrator)",£12.46,,"Paperback – Large Print, 22 July 2023",Print length      71 pages,Publication date      22 July 2023,5.0 out of 5 stars,4 ratings,In stock
"SQL Made Easy: The Ultimate Guide For Beginners on Data Querying, Manipulation and Analysis using Real-World Context to Advance Your Career in Data Analytics","Alex Wade 
(Author)",£14.99,,Paperback – 13 Mar. 2024,Print length      180 pages,Publication date      13 Mar. 2024,4.9 out of 5 stars,18 ratings,In stock
Azure Data Factory Cookbook: Build and manage ETL and ELT pipelines with Microsoft Azure's serverless data integration service,"Dmitry Anoshin 
(Author),",£37.99,,Paperback – 11 Jan. 2021,Print length      382 pages,Publication date      11 Jan. 2021,4.0 out of 5 stars,41 ratings,In stock
General Data Protection Regulation (GDPR) (Laws & Treaties Book 2),"European  Commission 
(Author)",,,Kindle Edition,,Publication date      29 July 2023,Previous slide of product details,,Out of stock
The Afterlife of Data: What Happens to Your Information When You Die and Why You Should Care,"Carl Öhman 
(Author)",,,Kindle Edition,,Publication date      22 May 2024,4.0 out of 5 stars,1 rating,Out of stock
Data Center Design from Beginner to Professional,"B.A. Ayomaya 
(Author)",£24.69,,Paperback – 14 April 2021,Print length      383 pages,Publication date      14 April 2021,3.9 out of 5 stars,14 ratings,In stock
"A Common–Sense Guide to Data Structures and Algorithms, 2e: Level Up Your Core Programming Skills","Jan Wengrow 
(Author)",£23.44,RRP: £36.99,Paperback – 30 Jun. 2020,Print length      250 pages,Publication date      30 Jun. 2020,4.8 out of 5 stars,733 ratings,In stock
Functional Aesthetics for Data Visualization,"Vidya Setlur 
(Author),",£22.29,RRP: £30.99,Paperback – 8 Aug. 2022,Print length      336 pages,Publication date      8 Aug. 2022,4.4 out of 5 stars,12 ratings,Only 7 left in stock (more on the way).
Getting Started with Data Science: Making Sense of Data with Analytics (IBM Press),"Murtaza Haider 
(Author)",,,"1st Edition, Kindle Edition",,Publication date      14 Dec. 2015,4.5 out of 5 stars,114 ratings,Out of stock
Mastering the Data Paradox: Key to Winning in the AI Age,"Nitin Seth 
(Author)",£18.12,RRP: £27.99,Hardcover – 1 April 2024,Print length      400 pages,Publication date      1 April 2024,4.8 out of 5 stars,324 ratings,Only 8 left in stock.
"SQL Made Easy: The Ultimate Guide For Beginners on Data Querying, Manipulation and Analysis using Real-World Context to Advance Your Career in Data Analytics","Alex Wade 
(Author)",£14.99,,Paperback – 13 Mar. 2024,Print length      180 pages,Publication date      13 Mar. 2024,4.9 out of 5 stars,18 ratings,In stock
Data Literacy for Kids,"Kathleen Yu 
(Author, Illustrator)",£12.46,,"Paperback – Large Print, 22 July 2023",Print length      71 pages,Publication date      22 July 2023,5.0 out of 5 stars,4 ratings,In stock
Resiliência Cibernética: Domine Estratégias de Segurança e Inteligências Artificiais Generativas (Portuguese Edition),"Alessandro Carvalho Coutinho 
(Author),",,,Kindle Edition,,Publication date      9 July 2024,5.0 out of 5 stars,6 ratings,Out of stock
Data Is Everybody's Business: The Fundamentals of Data Monetization (Management on the Cutting Edge),"Barbara H. Wixom 
(Author),",,,Kindle Edition,,Publication date      26 Sept. 2023,4.3 out of 5 stars,31 ratings,Out of stock
Data Discovery: How data is used and analyzed in business (D.A.T.A. Series Book 1),"Todd Kelsey 
(Author)",,,Kindle Edition,,Publication date      8 April 2023,5.0 out of 5 stars,1 rating,Out of stock
"SSIS Data Warehouse Development - 101 Interview Questions: Earn over £50,000 per annum using SSIS and SQL Server (The Data Engineering Series)","Jack Reynolds 
(Author)",,,Kindle Edition,,Publication date      27 Mar. 2019,4.0 out of 5 stars,6 ratings,Out of stock
"AI IN BUSINESS: Leveraging Generative Artificial Intelligence to Drive Innovation, Improve Customer Experience & Gain a Competitive Advantage for Industry Leaders","James Robert 
(Author)",,,Kindle Edition,,Publication date      2 July 2024,4.7 out of 5 stars,34 ratings,Out of stock
The Data Mindset Playbook: A book about data for people who don't want to read about data,"Gam Dias 
(Author),",£16.99,,Paperback – 22 Oct. 2022,Print length      221 pages,Publication date      22 Oct. 2022,5.0 out of 5 stars,15 ratings,In stock
Azure Data Factory Cookbook: Build and manage ETL and ELT pipelines with Microsoft Azure's serverless data integration service,"Dmitry Anoshin 
(Author),",£37.99,,Paperback – 11 Jan. 2021,Print length      382 pages,Publication date      11 Jan. 2021,4.0 out of 5 stars,41 ratings,In stock
All Data Are Local: Thinking Critically in a Data-Driven Society,"Yanni Alexander Loukissas 
(Author)",,,Kindle Edition,,Publication date      30 April 2019,4.8 out of 5 stars,21 ratings,Out of stock
Data Strategy: From definition to execution,"Ian Wallis 
(Author)",£26.27,RRP: £29.99,Paperback – 23 Aug. 2021,Print length      316 pages,Publication date      23 Aug. 2021,4.0 out of 5 stars,16 ratings,In stock
"A Common–Sense Guide to Data Structures and Algorithms, 2e: Level Up Your Core Programming Skills","Jan Wengrow 
(Author)",£23.44,RRP: £36.99,Paperback – 30 Jun. 2020,Print length      250 pages,Publication date      30 Jun. 2020,4.8 out of 5 stars,733 ratings,In stock
Data Points: Visualization That Means Something,"Nathan Yau 
(Author)",,,"1st Edition, Kindle Edition",,Publication date      25 Mar. 2013,4.4 out of 5 stars,150 ratings,Out of stock
Data Center Design from Beginner to Professional,"B.A. Ayomaya 
(Author)",£24.69,,Paperback – 14 April 2021,Print length      383 pages,Publication date      14 April 2021,3.9 out of 5 stars,14 ratings,In stock
"Building Data Science Applications with FastAPI: Develop, manage, and deploy efficient machine learning applications with Python, 2nd Edition","François Voron 
(Author)",,,Kindle Edition,,Publication date      31 July 2023,5.0 out of 5 stars,4 ratings,Out of stock
"Desvendando o Big Data: Tecnologias, Ferramentas e Aplicações Práticas (Portuguese Edition)","Wagner Souza 
(Author)",,,Kindle Edition,,Publication date      7 July 2024,Previous slide of product details,,Out of stock
The Data Mindset Playbook: A book about data for people who don't want to read about data,"Gam Dias 
(Author),",£16.99,,Paperback – 22 Oct. 2022,Print length      221 pages,Publication date      22 Oct. 2022,5.0 out of 5 stars,15 ratings,In stock
"Building Data Science Applications with FastAPI: Develop, manage, and deploy efficient machine learning applications with Python, 2nd Edition","François Voron 
(Author)",,,Kindle Edition,,Publication date      31 July 2023,5.0 out of 5 stars,4 ratings,Out of stock
Dark Data: Why What You Don’t Know Matters,"David J. Hand 
(Author)",,,"Illustrated Edition, Kindle Edition",,Publication date      18 Feb. 2020,4.2 out of 5 stars,50 ratings,Out of stock
"A Common–Sense Guide to Data Structures and Algorithms, 2e: Level Up Your Core Programming Skills","Jan Wengrow 
(Author)",£23.44,RRP: £36.99,Paperback – 30 Jun. 2020,Print length      250 pages,Publication date      30 Jun. 2020,4.8 out of 5 stars,733 ratings,In stock
Azure Data Factory Cookbook: Build and manage ETL and ELT pipelines with Microsoft Azure's serverless data integration service,"Dmitry Anoshin 
(Author),",£37.99,,Paperback – 11 Jan. 2021,Print length      382 pages,Publication date      11 Jan. 2021,4.0 out of 5 stars,41 ratings,In stock
Data Center Design from Beginner to Professional,"B.A. Ayomaya 
(Author)",£24.69,,Paperback – 14 April 2021,Print length      383 pages,Publication date      14 April 2021,3.9 out of 5 stars,14 ratings,In stock
Dive Into Data Science: Use Python To Tackle Your Toughest Business Challenges,"Bradford Tuckfield 
(Author)",,,Kindle Edition,,Publication date      4 July 2023,4.4 out of 5 stars,10 ratings,Out of stock
R Programming: 3 books in 1 : R Basics for Beginners + R Data Analysis and Statistics + R Data Visualization,"Andy Vickler 
(Author)",,,Kindle Edition,,Publication date      27 April 2022,3.8 out of 5 stars,5 ratings,Out of stock
"Practical SQL, 2nd Edition: A Beginner's Guide to Storytelling with Data","Anthony DeBarros 
(Author)",,,Kindle Edition,,Publication date      25 Jan. 2022,4.7 out of 5 stars,177 ratings,Out of stock
MCRP 3-31B Amphibious Ships and Landing Craft Data Book,"Luc Boudreaux 
(Author),",,,Kindle Edition,,Publication date      3 May 2023,Previous slide of product details,,Out of stock
Python Data Cleaning Cookbook: Modern techniques and Python tools to detect and remove dirty data and extract key insights,"Michael Walker 
(Author)",,,Kindle Edition,,Publication date      11 Dec. 2020,4.6 out of 5 stars,50 ratings,Out of stock
Functional Aesthetics for Data Visualization,"Vidya Setlur 
(Author),",£22.29,RRP: £30.99,Paperback – 8 Aug. 2022,Print length      336 pages,Publication date      8 Aug. 2022,4.4 out of 5 stars,12 ratings,Only 7 left in stock (more on the way).
Metric Handbook: Planning and Design Data,"Pamela Buxton 
(Editor)",,,[Print Replica] Kindle Edition,,Publication date      25 Nov. 2021,4.5 out of 5 stars,39 ratings,Out of stock
Data Strategy: From definition to execution,"Ian Wallis 
(Author)",£26.27,RRP: £29.99,Paperback – 23 Aug. 2021,Print length      316 pages,Publication date      23 Aug. 2021,4.0 out of 5 stars,16 ratings,In stock
Metalworker's Data Book for Home Machinists: The Essential Reference Guide for Everyone Who Works with Metal,"Harold Hall 
(Author)",,,Paperback – 3 Oct. 2017,Print length      200 pages,Publication date      3 Oct. 2017,4.4 out of 5 stars,98 ratings,Out of stock
Mastering the Data Paradox: Key to Winning in the AI Age,"Nitin Seth 
(Author)",£18.12,RRP: £27.99,Hardcover – 1 April 2024,Print length      400 pages,Publication date      1 April 2024,4.8 out of 5 stars,324 ratings,Only 8 left in stock.
SQL Fundamentals for Beginners - Learn the Language of Databases,"Aare Adegboyega 
(Author)",,,Kindle Edition,,Publication date      10 July 2024,Previous slide of product details,,Out of stock
"Data Augmentation with Python: Enhance deep learning accuracy with data augmentation methods for image, text, audio, and tabular data","Duc Haba 
(Author)",,,Kindle Edition,,Publication date      28 April 2023,5.0 out of 5 stars,3 ratings,Out of stock
Mastering the Data Paradox: Key to Winning in the AI Age,"Nitin Seth 
(Author)",£18.12,RRP: £27.99,Hardcover – 1 April 2024,Print length      400 pages,Publication date      1 April 2024,4.8 out of 5 stars,324 ratings,Only 8 left in stock.
Functional Aesthetics for Data Visualization,"Vidya Setlur 
(Author),",£22.29,RRP: £30.99,Paperback – 8 Aug. 2022,Print length      336 pages,Publication date      8 Aug. 2022,4.4 out of 5 stars,12 ratings,Only 7 left in stock (more on the way).
Data Modeling with Microsoft Power BI,"Markus Ehrenmueller-Jensen 
(Author)",,,Kindle Edition,,Publication date      10 Jun. 2024,Previous slide of product details,,Out of stock
Data Engineering with AWS: Learn how to design and build cloud-based data transformation pipelines using AWS,"Gareth Eagar 
(Author)",,,Kindle Edition,,Publication date      29 Dec. 2021,4.3 out of 5 stars,89 ratings,Out of stock
Data Strategy: From definition to execution,"Ian Wallis 
(Author)",£26.27,RRP: £29.99,Paperback – 23 Aug. 2021,Print length      316 pages,Publication date      23 Aug. 2021,4.0 out of 5 stars,16 ratings,In stock
Creating a Data–Driven Organization: Practical Advice from the Trenches,"Carl Anderson 
(Author)",£24.69,RRP: £31.99,Paperback – 4 Aug. 2015,Print length      302 pages,Publication date      4 Aug. 2015,4.3 out of 5 stars,127 ratings,In stock
Data Structures & Algorithms in Python (Developer's Library),"John Canning 
(Author),",£41.44,RRP: £51.99,Paperback – 18 Oct. 2022,Print length      928 pages,Publication date      18 Oct. 2022,4.9 out of 5 stars,30 ratings,Only 12 left in stock (more on the way).
Data Science for Business: What You Need to Know about Data Mining and Data-Analytic Thinking,"Foster Provost 
(Author),",£27.09,RRP: £39.99,Paperback – 17 Sept. 2013,Print length      413 pages,Publication date      17 Sept. 2013,4.5 out of 5 stars,"1,234 ratings",In stock
Text as Data: A New Framework for Machine Learning and the Social Sciences,"Justin Grimmer 
(Author),",£29.63,RRP: £38.00,Paperback – 29 Mar. 2022,Print length      360 pages,Publication date      29 Mar. 2022,4.4 out of 5 stars,38 ratings,Only 2 left in stock (more on the way).
Data Breaches: Case Studies of Corporate Catastrophes,"Dr Joe Reddington 
(Author)",£9.99,,Hardcover – 16 July 2024,Print length      152 pages,Publication date      16 July 2024,Previous slide of product details,,In stock
Business Intelligence Guidebook: From Data Integration to Analytics,"Rick Sherman 
(Author)",,,"1st Edition, Kindle Edition",,Publication date      4 Nov. 2014,4.4 out of 5 stars,100 ratings,Out of stock
The Chief Data Officer Management Handbook: Set Up and Run an Organization’s Data Supply Chain,"Martin Treder 
(Author)",£31.85,RRP: £39.99,Paperback – 19 Sept. 2020,Print length      454 pages,Publication date      19 Sept. 2020,4.3 out of 5 stars,34 ratings,In stock
"Pacific Crest Trail Data Book: Mileages, Landmarks, Facilities, Resupply Data, and Essential Trail Information for the Entire Pacific Crest Trail, from Mexico to Canada","Benedict Go 
(Author)",£9.11,RRP: £9.99,Paperback – 24 Dec. 2020,Print length      128 pages,Publication date      24 Dec. 2020,4.5 out of 5 stars,525 ratings,Only 14 left in stock.
Doing Data Science: Straight Talk from the Frontline,"Cathy O'Neil 
(Author),",,,"1st Edition, Kindle Edition",,Publication date      9 Oct. 2013,4.4 out of 5 stars,207 ratings,Out of stock
Data Structures & Algorithms in Python (Developer's Library),"John Canning 
(Author),",£41.44,RRP: £51.99,Paperback – 18 Oct. 2022,Print length      928 pages,Publication date      18 Oct. 2022,4.9 out of 5 stars,30 ratings,Only 12 left in stock (more on the way).
"Data Structures and Algorithm Analysis in C++, Third Edition (Dover Books on Computer Science)","Dr. Clifford A. Shaffer 
(Author)",,,"Third Edition, Kindle Edition",,Publication date      14 Sept. 2011,4.5 out of 5 stars,44 ratings,Out of stock
M Is for (Data) Monkey: A Guide to the M Language in Excel Power Query,"Ken Puls 
(Author),",,,Kindle Edition,,Publication date      1 Jun. 2015,4.5 out of 5 stars,687 ratings,Out of stock
Data Literacy for Kids,"Kathleen Yu 
(Author, Illustrator)",£12.46,,"Paperback – Large Print, 22 July 2023",Print length      71 pages,Publication date      22 July 2023,5.0 out of 5 stars,4 ratings,In stock
The Data Storyteller's Handbook: How to create business impact using data storytelling,"Kat Greenbrook 
(Author)",,,[Print Replica] Kindle Edition,,Publication date      4 Dec. 2023,4.8 out of 5 stars,28 ratings,Out of stock
Data Stewardship: An Actionable Guide to Effective Data Management and Data Governance,"David Plotkin 
(Author)",£39.91,RRP: £45.95,Paperback – 10 Nov. 2020,Print length      322 pages,Publication date      10 Nov. 2020,4.7 out of 5 stars,67 ratings,Only 4 left in stock.
Mastering the Data Paradox: Key to Winning in the AI Age,"Nitin Seth 
(Author)",£18.12,RRP: £27.99,Hardcover – 1 April 2024,Print length      400 pages,Publication date      1 April 2024,4.8 out of 5 stars,324 ratings,Only 8 left in stock.
Data Breaches: Case Studies of Corporate Catastrophes,"Dr Joe Reddington 
(Author)",£9.99,,Hardcover – 16 July 2024,Print length      152 pages,Publication date      16 July 2024,Previous slide of product details,,In stock
Navigating Sustainability Data: How Organizations can use ESG Data to Secure Their Future,"Sherry Madera 
(Author)",£29.99,RRP: £34.99,Paperback – 3 Jan. 2024,Print length      304 pages,Publication date      3 Jan. 2024,Previous slide of product details,,In stock
Winning with Data Science: A Handbook for Business Leaders,"Howard Steven Friedman 
(Author),",£18.57,RRP: £22.00,Hardcover – 30 Jan. 2024,Print length      272 pages,Publication date      30 Jan. 2024,5.0 out of 5 stars,3 ratings,In stock
Story of Art Sticker Book (Information Sticker Books),"Sarah Courtauld 
(Author),",£4.71,,Paperback – 1 May 2012,Print length      52 pages,Publication date      1 May 2012,4.4 out of 5 stars,4 ratings,Out of stock
Doctoring Data: How to sort out medical advice from medical nonsense,"Malcolm Kendrick 
(Author)",,,Kindle Edition,,Publication date      7 Feb. 2015,4.7 out of 5 stars,696 ratings,Out of stock
Liquid Cooling For Data Centers,"Charles Nehme 
(Author)",£20.25,,Paperback – 20 Jan. 2023,Print length      30 pages,Publication date      20 Jan. 2023,2.5 out of 5 stars,2 ratings,In stock
Data Center Design from Beginner to Professional,"B.A. Ayomaya 
(Author)",£24.69,,Paperback – 14 April 2021,Print length      383 pages,Publication date      14 April 2021,3.9 out of 5 stars,14 ratings,In stock
"Python, Javascript, Java, SQL, Linux: The Complete Coding and Developing Crash Course for Beginners (2024) (Computer Programming)","Mark Reed 
(Author)",,,Kindle Edition,,Publication date      13 Jun. 2024,4.8 out of 5 stars,48 ratings,Out of stock
Weapons of Math Destruction: How Big Data Increases Inequality and Threatens Democracy,"Cathy O'Neil 
(Author)",,,Kindle Edition,,Publication date      6 Sept. 2016,4.4 out of 5 stars,"4,652 ratings",Out of stock
DataStory: Explain Data and Inspire Action Through Story,"Nancy Duarte 
(Author)",£19.59,RRP: £24.99,"Paperback – Illustrated, 3 Oct. 2019",Print length      240 pages,Publication date      3 Oct. 2019,4.5 out of 5 stars,620 ratings,In stock
The Data Strategy Handbook: Build your Data Strategy with this handbook and start your data journey for your organisation,"Mr Stewart Buse 
(Author)",£8.99,,Paperback – 8 Jan. 2023,Print length      59 pages,Publication date      8 Jan. 2023,4.6 out of 5 stars,3 ratings,In stock
Master Your Data with Excel and Power BI: Leveraging Power Query to Get & Transform Your Task Flow,"Ken Puls Miguel Escobar 
(Author)",£22.25,RRP: £27.99,"Paperback – Large Print, 1 Nov. 2021",Print length      256 pages,Publication date      1 Nov. 2021,4.6 out of 5 stars,172 ratings,Only 4 left in stock.
"SQL in 10 Minutes a Day, Sams Teach Yourself","Ben Forta 
(Author)",£18.13,RRP: £22.99,Paperback – 18 Aug. 2020,Print length      256 pages,Publication date      18 Aug. 2020,4.7 out of 5 stars,508 ratings,In stock
"The Ultimate Guide to Automating Your Data: Tables, Inbox, Reports, Analytics, and More (The Ultimate Guide to Jotform)","Aytekin Tank 
(Author),",£10.22,,Paperback – 28 May 2024,Print length      150 pages,Publication date      28 May 2024,Previous slide of product details,,In stock
"Show me the Data: Note Book for Data Collection- Gifts for ABA Therapist, Data Analysts, Statisticians, BCBA, Scientists, Mathematicians 120 page College ruled Journal 6"" x 9""","Data Nerd Gifts 
(Author)",£5.55,,Paperback – 17 Jun. 2019,Print length      120 pages,Publication date      17 Jun. 2019,4.8 out of 5 stars,8 ratings,In stock
"Data Structures and Algorithm Analysis in C++, Third Edition (Dover Books on Computer Science)","Dr. Clifford A. Shaffer 
(Author)",,,"Third Edition, Kindle Edition",,Publication date      14 Sept. 2011,4.5 out of 5 stars,44 ratings,Out of stock
The Data Governance Guidebook and Playbook: By a Practitioner for Practitioners,"Kimberly Wienzierl 
(Author)",£20.49,RRP: £23.99,Paperback – 10 Oct. 2021,Print length      118 pages,Publication date      10 Oct. 2021,4.2 out of 5 stars,28 ratings,In stock
Winning with Data Science: A Handbook for Business Leaders,"Howard Steven Friedman 
(Author),",£18.57,RRP: £22.00,Hardcover – 30 Jan. 2024,Print length      272 pages,Publication date      30 Jan. 2024,5.0 out of 5 stars,3 ratings,In stock
Data Lakes For Dummies,"Alan R. Simon 
(Author)",£18.09,RRP: £24.99,Paperback – 25 Jun. 2021,Print length      384 pages,Publication date      25 Jun. 2021,4.2 out of 5 stars,18 ratings,Only 7 left in stock (more on the way).
Window Washer Data Log Book: Cute Logbook Gift to Record and Keep Track of Window Washing Business Clients and Appointments,"Will Knight Press 
(Author)",£6.76,,Paperback – 4 Oct. 2023,Print length      110 pages,Publication date      4 Oct. 2023,Previous slide of product details,,In stock
Data Science: The Hard Parts; Techniques for Excelling at Data Science,"Daniel Vaughan 
(Author)",£38.06,RRP: £52.99,Paperback – 5 Dec. 2023,Print length      237 pages,Publication date      5 Dec. 2023,5.0 out of 5 stars,3 ratings,Only 9 left in stock.
"Business Data Science: Combining Machine Learning and Economics to Optimize, Automate, and Accelerate Business Decisions (BUSINESS BOOKS)","Matt Taddy 
(Author)",£22.59,RRP: £29.99,"Hardcover – Illustrated, 18 Aug. 2019",Print length      352 pages,Publication date      18 Aug. 2019,4.5 out of 5 stars,168 ratings,Only 8 left in stock (more on the way).
Data Rules: Reinventing the Market Economy (Acting with Technology),"Cristina Alaimo 
(Author),",£32.99,RRP: £43.00,Paperback – 4 Jun. 2024,Print length      240 pages,Publication date      4 Jun. 2024,5.0 out of 5 stars,3 ratings,Usually dispatched within 3 to 7 months
"MASTERING EXCEL DATA ANALYSIS: All-In-One Practical Approach to Creating and Analyzing Data, Charts And Pivot Tables + Secret Tips and Tricks on Data Analysis & Business Modelling","CARTY BINN 
(Author)",£14.84,,Paperback – 15 Mar. 2022,Print length      265 pages,Publication date      15 Mar. 2022,2.0 out of 5 stars,1 rating,In stock
"Data Scientist Pocket Guide: Over 600 Concepts, Terminologies, and Processes of Machine Learning and Deep Learning Assembled Together (English Edition)","Mohamed Sabri 
(Author)",£15.86,,Paperback – 28 Jun. 2021,Print length      308 pages,Publication date      28 Jun. 2021,4.4 out of 5 stars,10 ratings,In stock
Data Science: The Hard Parts; Techniques for Excelling at Data Science,"Daniel Vaughan 
(Author)",£38.06,RRP: £52.99,Paperback – 5 Dec. 2023,Print length      237 pages,Publication date      5 Dec. 2023,5.0 out of 5 stars,3 ratings,Only 9 left in stock.
Data Rules: Reinventing the Market Economy (Acting with Technology),"Cristina Alaimo 
(Author),",£32.99,RRP: £43.00,Paperback – 4 Jun. 2024,Print length      240 pages,Publication date      4 Jun. 2024,5.0 out of 5 stars,3 ratings,Usually dispatched within 3 to 7 months
"Digital Marketing 2024: Mastering AI, SEO, Social Media, and Data-Driven Strategies for Business Growth","K. Connors 
(Author)",£13.74,,Paperback – 4 Jun. 2024,Print length      64 pages,Publication date      4 Jun. 2024,Previous slide of product details,,In stock
The Age of Data: Embracing Algorithms in Art & Design,"Christoph Grünberger 
(Author)",£33.98,RRP: £59.95,Hardcover – 18 Nov. 2021,Print length      400 pages,Publication date      18 Nov. 2021,4.9 out of 5 stars,26 ratings,Only 9 left in stock (more on the way).
The Business Of Big Data: How to Create Lasting Value in the Age of AI,"Martin Schmalz 
(Author),",£12.00,,Paperback – 9 Dec. 2019,Print length      149 pages,Publication date      9 Dec. 2019,4.8 out of 5 stars,37 ratings,In stock
"Password Book: Internet Password Organizer, Keep All Your Passwords In One Place, small 6"" x 9""","Isaac The Thinker 
(Author)",£4.03,,Paperback – 1 July 2024,Print length      120 pages,Publication date      1 July 2024,Previous slide of product details,,In stock
"Shooting Data Log Book for Gun Owners: Record Journal for Shooters and Marksmen - Track Dates, Times, Locations, Partners, Firearms, Scopes, Powders, ... Gift for Shooting Beginners or Professionals","Clarity House Publishing 
(Author)",£5.33,,Paperback – 17 Mar. 2023,Print length      102 pages,Publication date      17 Mar. 2023,4.5 out of 5 stars,2 ratings,In stock
Cracking the Data Science Interview: Unlock insider tips from industry experts to master the data science field,"Leondra R. Gonzalez 
(Author),",£22.99,RRP: £37.99,Paperback – 29 Feb. 2024,Print length      404 pages,Publication date      29 Feb. 2024,5.0 out of 5 stars,1 rating,In stock
"Big Data: Using SMART Big Data, Analytics and Metrics To Make Better Decisions and Improve Performance","Bernard Marr 
(Author)",£11.75,RRP: £15.00,Paperback – 16 Jan. 2015,Print length      256 pages,Publication date      16 Jan. 2015,4.1 out of 5 stars,275 ratings,In stock
"Statistics for Data Scientists: An Introduction to Probability, Statistics, and Data Analysis (Undergraduate Topics in Computer Science)","Maurits Kaptein 
(Author),",£32.05,RRP: £39.99,Paperback – 3 Feb. 2022,Print length      345 pages,Publication date      3 Feb. 2022,3.4 out of 5 stars,10 ratings,In stock
Data Protection and Compliance: Second edition,"Stewart Room 
(Author, Editor)",£43.35,RRP: £49.99,Paperback – 21 Oct. 2021,Print length      416 pages,Publication date      21 Oct. 2021,4.6 out of 5 stars,13 ratings,In stock
Be Data Analytical: How to Use Analytics to Turn Data into Value,"Jordan Morrow 
(Author)",£20.99,RRP: £24.99,Paperback – 3 Jun. 2023,Print length      240 pages,Publication date      3 Jun. 2023,4.5 out of 5 stars,7 ratings,In stock
Data Analytics Made Accessible: 2024 edition,"Anil Maheshwari 
(Author)",,,Kindle Edition,,Publication date      1 May 2014,4.3 out of 5 stars,316 ratings,Out of stock
Data Science Strategy For Dummies,"Jgare 
(Author)",£18.85,RRP: £25.99,Paperback – 21 Jun. 2019,Print length      352 pages,Publication date      21 Jun. 2019,4.3 out of 5 stars,51 ratings,Only 6 left in stock (more on the way).
HBR Guide to Data Analytics Basics for Managers (HBR Guide Series),"Harvard Business Review 
(Author)",£13.97,,"Paperback – Illustrated, 3 April 2018",Print length      256 pages,Publication date      3 April 2018,4.4 out of 5 stars,489 ratings,In stock
Confident Data Skills: How to Work with Data and Futureproof Your Career (Confident Series),"Kirill Eremenko 
(Author)",£11.99,RRP: £16.99,Paperback – 10 Sept. 2020,Print length      320 pages,Publication date      10 Sept. 2020,4.5 out of 5 stars,22 ratings,
PowerPivot and Power Query for Microsoft Excel: Transforming Data into Insights,"Andrei Popescu 
(Author)",£10.84,,Paperback – 9 July 2024,Print length      238 pages,Publication date      9 July 2024,Previous slide of product details,,In stock
"Data Driven Business Transformation: How to Disrupt, Innovate and Stay Ahead of the Competition","Peter Jackson 
(Author),",£17.75,RRP: £23.99,Hardcover – 12 April 2019,Print length      288 pages,Publication date      12 April 2019,4.3 out of 5 stars,98 ratings,Only 9 left in stock (more on the way).
Cost-Effective Data Pipelines: Balancing Trade-Offs When Developing Pipelines in the Cloud,"Sev Leonard 
(Author)",£38.06,RRP: £52.99,Paperback – 22 Aug. 2023,Print length      267 pages,Publication date      22 Aug. 2023,Previous slide of product details,,Only 4 left in stock.
Data Curious: Applying Agile Analytics for Better Business Decisions,"Carl Allchin 
(Author),",£24.05,RRP: £36.99,Paperback – 22 Aug. 2023,Print length      126 pages,Publication date      22 Aug. 2023,3.0 out of 5 stars,2 ratings,Only 11 left in stock.
"Data Interpretation for Medical Students, Third Edition","Paul Hamilton 
(Author),",,,Kindle Edition,,Publication date      1 Nov. 2017,4.3 out of 5 stars,135 ratings,Out of stock
"Data Analytics with MS Excel & Power BI: This book will transform you into Data Analytics Expert . In this book you will learn how to use MS Excel and Power Bi to read, clean, transform, visualize","Punit Prabhu 
(Author)",£7.81,,Paperback – 6 April 2021,Print length      177 pages,Publication date      6 April 2021,3.2 out of 5 stars,5 ratings,In stock
Data Is Everybody's Business: The Fundamentals of Data Monetization (Management on the Cutting Edge),"Barbara H. Wixom 
(Author),",,,Kindle Edition,,Publication date      26 Sept. 2023,4.3 out of 5 stars,31 ratings,Out of stock
DataStory: Explain Data and Inspire Action Through Story,"Nancy Duarte 
(Author)",£19.59,RRP: £24.99,"Paperback – Illustrated, 3 Oct. 2019",Print length      240 pages,Publication date      3 Oct. 2019,4.5 out of 5 stars,620 ratings,In stock
Qualitative Data Analysis - International Student Edition: A Methods Sourcebook,"Matthew B. Miles 
(Author),",£54.62,RRP: £65.00,Paperback – 22 Jan. 2019,Print length      408 pages,Publication date      22 Jan. 2019,4.3 out of 5 stars,10 ratings,In stock
"Data Sketches: A journey of imagination, exploration, and beautiful data visualizations (AK Peters Visualization Series)","Nadieh Bremer 
(Author),",£37.05,RRP: £39.99,Paperback – 9 Feb. 2021,Print length      428 pages,Publication date      9 Feb. 2021,4.5 out of 5 stars,103 ratings,Usually dispatched within 3 to 7 months
Metalworker's Data Book for Home Machinists: The Essential Reference Guide for Everyone Who Works with Metal,"Harold Hall 
(Author)",,,Paperback – 3 Oct. 2017,Print length      200 pages,Publication date      3 Oct. 2017,4.4 out of 5 stars,98 ratings,Out of stock
Murach's Python for Data Analysis (Training & Reference),"Scott McCoy 
(Author)",£42.20,RRP: £54.99,Paperback – 1 Aug. 2021,Print length      235 pages,Publication date      1 Aug. 2021,4.7 out of 5 stars,35 ratings,In stock
C# Data Structures and Algorithms: Harness the power of C# to build a diverse range of efficient applications,"Marcin Jamro 
(Author)",£31.99,,Paperback – 29 Feb. 2024,Print length      372 pages,Publication date      29 Feb. 2024,4.6 out of 5 stars,3 ratings,In stock
The TTL Data Book for Design Engineers second Edition,"Editor 
(Author)",£30.57,,Hardcover – 1 Jan. 1976,,Publication date      1 Jan. 1976,4.5 out of 5 stars,16 ratings,Out of stock
"Business Data Science: Combining Machine Learning and Economics to Optimize, Automate, and Accelerate Business Decisions (BUSINESS BOOKS)","Matt Taddy 
(Author)",£22.59,RRP: £29.99,"Hardcover – Illustrated, 18 Aug. 2019",Print length      352 pages,Publication date      18 Aug. 2019,4.5 out of 5 stars,168 ratings,Only 8 left in stock (more on the way).
Data Governance in the Real World: What do you do when the business says no?,"Mr Neil Kirkham 
(Author),",£38.99,,Hardcover – 5 April 2024,Print length      341 pages,Publication date      5 April 2024,4.6 out of 5 stars,3 ratings,In stock
"Effortless Arthritis Jar Opener for Seniors, Non-Slip Bottle Opener Lid Opener, Can Opener Manual, Multifunctional Lid Opener for Weak Hands Seniors (White, 2 PCS)",,£19.99,,,,,1.0 out of 5 stars,1 rating,In stock
Governing Cross-Border Data Flows: Reconciling EU Data Protection and International Trade Law (Oxford Data Protection & Privacy Law),"Svetlana Yakovleva 
(Author)",£109.98,,Hardcover – 28 Mar. 2024,Print length      432 pages,Publication date      28 Mar. 2024,Previous slide of product details,,Only 6 left in stock (more on the way).
"Business Intelligence with Databricks SQL: Concepts, tools, and techniques for scaling business intelligence on the data lakehouse","Vihag Gupta 
(Author)",£33.99,,Paperback – 16 Sept. 2022,Print length      348 pages,Publication date      16 Sept. 2022,3.4 out of 5 stars,11 ratings,In stock
Principles of Data Science: A beginner’s guide to the math and coding skills you need to be fluent in data and machine learning: A beginner's guide to ... skills for data fluency and machine learning,"Sinan Ozdemir 
(Author)",£37.99,,Paperback – 9 Feb. 2024,Print length      419 pages,Publication date      9 Feb. 2024,5.0 out of 5 stars,1 rating,In stock
Data Structures and Algorithms in Javascript,"Maxwell Rivers 
(Author)",£14.67,,Paperback – 28 July 2023,Print length      126 pages,Publication date      28 July 2023,Previous slide of product details,,In stock
"Your Data is F**Ked : For Marketers: Digital Analytics, Strategy and Personalisation (Your Data is F! For Marketers.)","Mark McKenzie 
(Author)",,,Kindle Edition,,Publication date      22 Jun. 2023,4.2 out of 5 stars,33 ratings,Out of stock
"Python Data Analytics: With Pandas, NumPy, and Matplotlib","Fabio Nelli 
(Author)",£27.60,RRP: £54.99,Paperback – 2 Sept. 2023,Print length      466 pages,Publication date      2 Sept. 2023,Previous slide of product details,,In stock
Principles of Data Management: Facilitating information sharing,"Keith Gordon 
(Author)",£30.85,RRP: £34.99,Paperback – 26 July 2022,Print length      298 pages,Publication date      26 July 2022,3.1 out of 5 stars,4 ratings,In stock
A Handbook for Data Analysis in the Behaviorial Sciences: Volume 1: Methodological Issues Volume 2: Statistical Issues,"Gideon Keren 
(Editor)",£88.02,RRP: £96.99,Paperback – 1 Nov. 1992,Print length      586 pages,Publication date      1 Nov. 1992,Previous slide of product details,,Usually dispatched within 6 to 7 days
Expert Data Modeling with Power BI,"Soheil Bakhshi 
(Author)",£44.99,,Paperback – 28 April 2023,Print length      698 pages,Publication date      28 April 2023,4.8 out of 5 stars,39 ratings,In stock
Murach's R for Data Analysis,"Scott McCoy 
(Author)",£36.21,RRP: £61.99,Paperback – 31 Jan. 2023,Print length      576 pages,Publication date      31 Jan. 2023,5.0 out of 5 stars,7 ratings,In stock
Engineers Precision Data Pocket Reference,"Steve Heather 
(Author)",£34.83,,Paperback – 4 April 2014,Print length      72 pages,Publication date      4 April 2014,4.6 out of 5 stars,48 ratings,Only 1 left in stock.
King Charles III England Coast Path Planner and Data Book: The South West Coast (Includes the entire South West Coast Path),"Christine Saul 
(Author)",,,[Print Replica] Kindle Edition,,Publication date      6 Jun. 2024,Previous slide of product details,,Out of stock
"Ultimate Data Engineering with Databricks: Develop Scalable Data Pipelines Using Data Engineering's Core Tenets Such as Delta Tables, Ingestion, ... Security, and Scalability (English Edition)","Mayank Malhotra 
(Author)",£29.65,RRP: £30.99,Paperback – 15 Feb. 2024,Print length      267 pages,Publication date      15 Feb. 2024,3.8 out of 5 stars,7 ratings,In stock
R Programming: 3 books in 1 : R Basics for Beginners + R Data Analysis and Statistics + R Data Visualization,"Andy Vickler 
(Author)",,,Kindle Edition,,Publication date      27 April 2022,3.8 out of 5 stars,5 ratings,Out of stock
Foundations of Statistics for Data Scientists: With R and Python (Chapman & Hall/CRC Texts in Statistical Science),"Alan Agresti 
(Author),",£72.10,RRP: £84.99,Hardcover – 30 Nov. 2021,Print length      468 pages,Publication date      30 Nov. 2021,4.2 out of 5 stars,8 ratings,Only 3 left in stock (more on the way).
CRC Handbook of Chemistry and Physics: A Ready-reference Book of Chemical and Physical Data,"John Rumble 
(Editor)",£185.00,,Hardcover – 21 Jun. 2024,Print length      1604 pages,Publication date      21 Jun. 2024,Previous slide of product details,,Only 2 left in stock (more on the way).
"Effortless Arthritis Jar Opener for Seniors, Non-Slip Bottle Opener Lid Opener, Can Opener Manual, Multifunctional Lid Opener for Weak Hands Seniors (White, 2 PCS)",,£19.99,,,,,1.0 out of 5 stars,1 rating,In stock
"Introduction to Data Mining, Global Edition","Pang-Ning Tan 
(Author),",£57.99,,"Paperback – International Edition, 31 May 2019",Print length      864 pages,Publication date      31 May 2019,4.4 out of 5 stars,25 ratings,Only 5 left in stock (more on the way).
"Python Data Analysis: Perform data collection, data processing, wrangling, visualization, and model building using Python, 3rd Edition","Avinash Navlani 
(Author),",£27.99,,Paperback – 5 Feb. 2021,Print length      478 pages,Publication date      5 Feb. 2021,4.5 out of 5 stars,56 ratings,In stock
"Big Data: Using SMART Big Data, Analytics and Metrics To Make Better Decisions and Improve Performance","Bernard Marr 
(Author)",£11.75,RRP: £15.00,Paperback – 16 Jan. 2015,Print length      256 pages,Publication date      16 Jan. 2015,4.1 out of 5 stars,275 ratings,In stock
Taxi Driver Client Data Log Book: A Logbook for Taxicab Drivers to Keep Track of Customer Information | Taxi Service Customer Record | 100 Pages,"Hhso.Bv Publishing 
(Author)",£6.31,,Paperback – 24 Feb. 2024,Print length      100 pages,Publication date      24 Feb. 2024,Previous slide of product details,,In stock
Metalworker's Data Book for Home Machinists: The Essential Reference Guide for Everyone Who Works with Metal,"Harold Hall 
(Author)",,,Paperback – 3 Oct. 2017,Print length      200 pages,Publication date      3 Oct. 2017,4.4 out of 5 stars,98 ratings,Out of stock
"Pacific Crest Trail Data Book: Mileages, Landmarks, Facilities, Resupply Data, and Essential Trail Information for the Entire Pacific Crest Trail, from Mexico to Canada","Benedict Go 
(Author)",£9.11,RRP: £9.99,Paperback – 24 Dec. 2020,Print length      128 pages,Publication date      24 Dec. 2020,4.5 out of 5 stars,525 ratings,Only 14 left in stock.
"The Digital Mindset: What It Really Takes to Thrive in the Age of Data, Algorithms, and AI","Paul Leonardi 
(Author),",£19.15,RRP: £22.00,Hardcover – 10 May 2022,Print length      272 pages,Publication date      10 May 2022,4.4 out of 5 stars,161 ratings,In stock
The Data Governance Guidebook and Playbook: By a Practitioner for Practitioners,"Kimberly Wienzierl 
(Author)",£20.49,RRP: £23.99,Paperback – 10 Oct. 2021,Print length      118 pages,Publication date      10 Oct. 2021,4.2 out of 5 stars,28 ratings,In stock
GMAT Official Guide Data Insights Review 2024-2025: Book + Online Question Bank,"GMAC (Graduate Management Admission Council) 
(Author)",£16.27,RRP: £18.99,Paperback – 23 May 2024,Print length      288 pages,Publication date      23 May 2024,5.0 out of 5 stars,1 rating,Only 12 left in stock.
"Exploratory Data Analysis with Python Cookbook: Over 50 recipes to analyze, visualize, and extract insights from structured and unstructured data","Ayodele Oluleye 
(Author)",£37.99,,Paperback – 23 Jun. 2023,Print length      382 pages,Publication date      23 Jun. 2023,4.3 out of 5 stars,5 ratings,In stock
The Data Deluge: Making Marketing Work for Brands and People,"Arun C. Kumar 
(Author)",,,Kindle Edition,,Publication date      14 May 2024,4.5 out of 5 stars,39 ratings,Out of stock
"Generative Deep Learning: Teaching Machines to Paint, Write, Compose, and Play","David Foster 
(Author)",£44.93,RRP: £63.99,Paperback – 6 Jun. 2023,Print length      453 pages,Publication date      6 Jun. 2023,4.6 out of 5 stars,113 ratings,In stock
Bad Data Handbook,"Q. Ethan McCallum 
(Author)",£22.99,RRP: £31.99,"Paperback – Illustrated, 21 Nov. 2012",Print length      245 pages,Publication date      21 Nov. 2012,4.2 out of 5 stars,20 ratings,Only 1 left in stock (more on the way).
Tableau Certified Data Analyst Certification Guide: Ace the Tableau Data Analyst certification exam with expert guidance and practice material,"Harry Cooney 
(Author),",£37.99,,Paperback – 25 Jun. 2024,Print length      462 pages,Publication date      25 Jun. 2024,5.0 out of 5 stars,3 ratings,In stock
Learning Microsoft Power Bi: Transforming Data Into Insights,"Jeremey Arnold 
(Author)",£38.06,RRP: £52.99,Paperback – 30 Sept. 2022,Print length      318 pages,Publication date      30 Sept. 2022,4.3 out of 5 stars,29 ratings,Only 3 left in stock.
"Data Structures and Algorithm Analysis in C++, Third Edition (Dover Books on Computer Science)","Dr. Clifford A. Shaffer 
(Author)",,,"Third Edition, Kindle Edition",,Publication date      14 Sept. 2011,4.5 out of 5 stars,44 ratings,Out of stock
"Laplink PCmover Professional 11 - Moves your Applications, Files, and Settings from an Old PC to a New PC - Includes optional Super-Speed USB 3.0 Cable - 1 Use",,£59.95,,,,,4.1 out of 5 stars,339 ratings,In stock
Deep Learning for Time Series Data Cookbook: ​Building Forecasting Models using PyTorch,"Vitor Cerqueira 
(Author),",£37.99,,Paperback – 9 April 2024,Print length      304 pages,Publication date      9 April 2024,5.0 out of 5 stars,1 rating,In stock
Estimate Book Contractor: Log book to record client details/ job quotes / estimates|Contractor notebook Organizer| Record Book| Complete with dot grid diagram / measurement pages| A4,"Data Savy 
(Author)",£5.99,,Paperback – 6 May 2021,Print length      106 pages,Publication date      6 May 2021,4.2 out of 5 stars,31 ratings,In stock
Data Analytics Made Accessible: 2024 edition,"Anil Maheshwari 
(Author)",,,Kindle Edition,,Publication date      1 May 2014,4.3 out of 5 stars,316 ratings,Out of stock
"Introduction to Data Mining, Global Edition","Pang-Ning Tan 
(Author),",£57.99,,"Paperback – International Edition, 31 May 2019",Print length      864 pages,Publication date      31 May 2019,4.4 out of 5 stars,25 ratings,Only 5 left in stock (more on the way).
A Handbook for Data Analysis in the Behaviorial Sciences: Volume 1: Methodological Issues Volume 2: Statistical Issues,"Gideon Keren 
(Editor)",£88.02,RRP: £96.99,Paperback – 1 Nov. 1992,Print length      586 pages,Publication date      1 Nov. 1992,Previous slide of product details,,Usually dispatched within 6 to 7 days
"Python, Javascript, Java, SQL, Linux: The Complete Coding and Developing Crash Course for Beginners (2024) (Computer Programming)","Mark Reed 
(Author)",,,Kindle Edition,,Publication date      13 Jun. 2024,4.8 out of 5 stars,48 ratings,Out of stock
"Python Data Analysis: Perform data collection, data processing, wrangling, visualization, and model building using Python, 3rd Edition","Avinash Navlani 
(Author),",£27.99,,Paperback – 5 Feb. 2021,Print length      478 pages,Publication date      5 Feb. 2021,4.5 out of 5 stars,56 ratings,In stock
"Big Data: Using SMART Big Data, Analytics and Metrics To Make Better Decisions and Improve Performance","Bernard Marr 
(Author)",£11.75,RRP: £15.00,Paperback – 16 Jan. 2015,Print length      256 pages,Publication date      16 Jan. 2015,4.1 out of 5 stars,275 ratings,In stock
Taxi Driver Client Data Log Book: A Logbook for Taxicab Drivers to Keep Track of Customer Information | Taxi Service Customer Record | 100 Pages,"Hhso.Bv Publishing 
(Author)",£6.31,,Paperback – 24 Feb. 2024,Print length      100 pages,Publication date      24 Feb. 2024,Previous slide of product details,,In stock
Modern Data Architecture on AWS: A Practical Guide for Building Next-Gen Data Platforms on AWS,"Behram Irani 
(Author)",,,Kindle Edition,,Publication date      31 Aug. 2023,4.8 out of 5 stars,11 ratings,Out of stock
"The Definitive Guide to Data Integration: Unlock the power of data integration to efficiently manage, transform, and analyze data","Pierre-Yves BONNEFOY 
(Author),",£29.99,,Paperback – 29 Mar. 2024,Print length      490 pages,Publication date      29 Mar. 2024,5.0 out of 5 stars,2 ratings,In stock
Metalworker's Data Book for Home Machinists: The Essential Reference Guide for Everyone Who Works with Metal,"Harold Hall 
(Author)",,,Paperback – 3 Oct. 2017,Print length      200 pages,Publication date      3 Oct. 2017,4.4 out of 5 stars,98 ratings,Out of stock
Shooting Log Data Book: Snipers Long Range Shooters Journal Shot Logbook Notebook Shooter's Dope Record Book with Target Diagrams - Shooters Gift for Shooting Lovers Men & Women,"Arthur Sogeki 
(Author)",£5.99,,Paperback – 11 Jun. 2020,Print length      102 pages,Publication date      11 Jun. 2020,4.5 out of 5 stars,40 ratings,In stock
"The Digital Mindset: What It Really Takes to Thrive in the Age of Data, Algorithms, and AI","Paul Leonardi 
(Author),",£19.15,RRP: £22.00,Hardcover – 10 May 2022,Print length      272 pages,Publication date      10 May 2022,4.4 out of 5 stars,161 ratings,In stock
The Data Governance Guidebook and Playbook: By a Practitioner for Practitioners,"Kimberly Wienzierl 
(Author)",£20.49,RRP: £23.99,Paperback – 10 Oct. 2021,Print length      118 pages,Publication date      10 Oct. 2021,4.2 out of 5 stars,28 ratings,In stock
GMAT Official Guide Data Insights Review 2024-2025: Book + Online Question Bank,"GMAC (Graduate Management Admission Council) 
(Author)",£16.27,RRP: £18.99,Paperback – 23 May 2024,Print length      288 pages,Publication date      23 May 2024,5.0 out of 5 stars,1 rating,Only 12 left in stock.
"Fish Mouth Sewing Machine Needle Threader, 2024 Upgraded Automatic Needle Threader for Sewing Machine, Quick Sewing Machine Loop Sewing Machine Needle Threader Tool (10PCS)",,£8.99,,,,,Previous page of related Sponsored Products,,Usually dispatched within 2 to 3 days
Data Smart: Using Data Science to Transform Information into Insight,"John W. Foreman 
(Author)",£5.64,,Paperback – 25 Oct. 2013,Print length      432 pages,Publication date      25 Oct. 2013,4.5 out of 5 stars,397 ratings,Out of stock
"Data Governance: How to Design, Deploy, and Sustain an Effective Data Governance Program","John Ladley 
(Author)",£40.34,RRP: £45.95,Paperback – 29 Nov. 2019,Print length      350 pages,Publication date      29 Nov. 2019,4.5 out of 5 stars,123 ratings,Only 4 left in stock.
Data Engineering with Python: Work with massive datasets to design data models and automate data pipelines using Python,"Paul Crickard 
(Author)",£38.84,,Paperback – 10 Nov. 2020,Print length      356 pages,Publication date      10 Nov. 2020,4.1 out of 5 stars,125 ratings,In stock
"Python, Javascript, Java, SQL, Linux: The Complete Coding and Developing Crash Course for Beginners (2024) (Computer Programming)","Mark Reed 
(Author)",,,Kindle Edition,,Publication date      13 Jun. 2024,4.8 out of 5 stars,48 ratings,Out of stock
Taxi Driver Client Data Log Book: Logbook for Taxicab Drivers and Owners to Record and Track Services,"Georgiana Pearce Press 
(Author)",£6.60,,Paperback – 6 Nov. 2023,Print length      110 pages,Publication date      6 Nov. 2023,5.0 out of 5 stars,1 rating,In stock
Automating Data Quality Monitoring: Scaling Beyond Rules with Machine Learning,"Jeremy Stanley 
(Author),",£38.06,RRP: £52.99,Paperback – 13 Feb. 2024,Print length      217 pages,Publication date      13 Feb. 2024,Previous slide of product details,,Only 4 left in stock.
"Data Scientist Pocket Guide: Over 600 Concepts, Terminologies, and Processes of Machine Learning and Deep Learning Assembled Together (English Edition)","Mohamed Sabri 
(Author)",£15.86,,Paperback – 28 Jun. 2021,Print length      308 pages,Publication date      28 Jun. 2021,4.4 out of 5 stars,10 ratings,In stock
Taxi Driver Client Data Log Book: Record Book for Taxicab Owners and Drivers to Keep Track of Services,"Georgiana Pearce Press 
(Author)",£6.60,,Paperback – 6 Nov. 2023,Print length      110 pages,Publication date      6 Nov. 2023,Previous slide of product details,,In stock
Modern Data Architecture on AWS: A Practical Guide for Building Next-Gen Data Platforms on AWS,"Behram Irani 
(Author)",,,Kindle Edition,,Publication date      31 Aug. 2023,4.8 out of 5 stars,11 ratings,Out of stock
Data Engineering with Google Cloud: A guide to leveling up as a data engineer by building a scalable data platform with Google Cloud,"Adi Widjaja 
(Author)",£31.99,RRP: £37.99,Paperback – 9 May 2024,Print length      441 pages,Publication date      9 May 2024,5.0 out of 5 stars,2 ratings,In stock
Data Culture: Develop An Effective Data-Driven Organization,"Shorful Islam 
(Author)",£26.99,RRP: £31.99,Paperback – 3 May 2024,Print length      232 pages,Publication date      3 May 2024,5.0 out of 5 stars,1 rating,In stock
Learn AI-Assisted Python Programming with GitHub Copilot: With Github Copilot and Chatgpt,"Daniel Zingaro 
(Author)",£42.22,RRP: £49.99,Paperback – 6 Nov. 2023,Print length      296 pages,Publication date      6 Nov. 2023,3.9 out of 5 stars,12 ratings,In stock
Data-Driven Organization Design: Delivering Perpetual Performance Gains Through the Organizational System,"Rupert Morrison 
(Author)",£36.59,RRP: £39.99,Paperback – 3 Oct. 2021,Print length      440 pages,Publication date      3 Oct. 2021,5.0 out of 5 stars,13 ratings,In stock
Data Management Using Stata: A Practical Handbook,"Michael N. Mitchell 
(Author)",£56.43,RRP: £61.99,Paperback – 25 Jun. 2020,Print length      512 pages,Publication date      25 Jun. 2020,4.5 out of 5 stars,19 ratings,Only 1 left in stock.
Tinpot: Football's Forgotten Tournaments… from the Anglo Italian to Zenith Data Systems Cup,"Simon Turner 
(Author)",£11.99,RRP: £14.99,"Paperback – Illustrated, 5 Aug. 2024",Print length      320 pages,Publication date      5 Aug. 2024,Previous slide of product details,,"This title will be released on August 5, 2024.  Pre-order now."
"Queer Data: Using Gender, Sex and Sexuality Data for Action (Bloomsbury Studies in Digital Cultures)","Kevin Guyan 
(Author)",£16.79,RRP: £19.99,Paperback – 13 Jan. 2022,Print length      240 pages,Publication date      13 Jan. 2022,5.0 out of 5 stars,11 ratings,Only 3 left in stock (more on the way).
"Fish Mouth Sewing Machine Needle Threader, 2024 Upgraded Automatic Needle Threader for Sewing Machine, Quick Sewing Machine Loop Sewing Machine Needle Threader Tool (10PCS)",,£8.99,,,,,Previous page of related Sponsored Products,,Usually dispatched within 2 to 3 days
Data Engineering with Python: Work with massive datasets to design data models and automate data pipelines using Python,"Paul Crickard 
(Author)",£38.84,,Paperback – 10 Nov. 2020,Print length      356 pages,Publication date      10 Nov. 2020,4.1 out of 5 stars,125 ratings,In stock
Data Teams: A Unified Management Model for Successful Data-Focused Teams,"Jesse Anderson 
(Author)",,,"1st ed. Edition, Kindle Edition",,Publication date      18 Sept. 2020,4.3 out of 5 stars,49 ratings,Out of stock
